pod_name,namespace,label,n1,n2,n3,n4,n5
malicious-containers-kinsing-5c4cffd87c-t7f5q,malicious,1,59,59,59,59,59
malicious-containers-kinsing-5c4cffd87c-t7f5q,malicious,1,59,59,59,59,59
malicious-containers-kinsing-5c4cffd87c-t7f5q,malicious,1,59,59,59,59,59
malicious-containers-kinsing-5c4cffd87c-t7f5q,malicious,1,59,59,59,59,59
malicious-containers-kinsing-5c4cffd87c-t7f5q,malicious,1,59,59,59,59,59
malicious-containers-kinsing-5c4cffd87c-t7f5q,malicious,1,59,59,59,59,59
malicious-containers-kinsing-5c4cffd87c-t7f5q,malicious,1,59,59,59,59,59
malicious-containers-teamtnt-657ccf7c8c-r6lhb,malicious,1,41,41,41,41,41
malicious-containers-teamtnt-657ccf7c8c-r6lhb,malicious,1,41,41,41,41,42
malicious-containers-teamtnt-657ccf7c8c-r6lhb,malicious,1,41,41,41,42,41
malicious-containers-teamtnt-657ccf7c8c-r6lhb,malicious,1,41,41,42,41,41
malicious-containers-teamtnt-657ccf7c8c-r6lhb,malicious,1,41,42,41,41,41
malicious-containers-teamtnt-657ccf7c8c-r6lhb,malicious,1,42,41,41,41,41
malicious-containers-teamtnt-657ccf7c8c-r6lhb,malicious,1,41,41,41,41,41
malicious-containers-teamtnt-657ccf7c8c-r6lhb,malicious,1,41,41,41,41,42
malicious-containers-teamtnt-657ccf7c8c-r6lhb,malicious,1,41,41,41,42,41
malicious-containers-teamtnt-657ccf7c8c-r6lhb,malicious,1,41,41,42,41,41
malicious-containers-teamtnt-657ccf7c8c-r6lhb,malicious,1,41,42,41,41,41
malicious-containers-teamtnt-657ccf7c8c-r6lhb,malicious,1,42,41,41,41,41
malicious-containers-teamtnt-657ccf7c8c-r6lhb,malicious,1,41,41,41,41,41
malicious-containers-teamtnt-657ccf7c8c-r6lhb,malicious,1,41,41,41,41,42
malicious-containers-teamtnt-657ccf7c8c-r6lhb,malicious,1,41,41,41,42,41
malicious-containers-teamtnt-657ccf7c8c-r6lhb,malicious,1,41,41,42,41,41
malicious-containers-teamtnt-657ccf7c8c-r6lhb,malicious,1,41,42,41,41,41
malicious-containers-teamtnt-657ccf7c8c-r6lhb,malicious,1,42,41,41,41,41
malicious-containers-teamtnt-657ccf7c8c-r6lhb,malicious,1,41,41,41,41,41
malicious-containers-teamtnt-657ccf7c8c-r6lhb,malicious,1,41,41,41,41,42
